Chain B, Chain C, Distance Ä
B:ALA 119,  C:ALA 170, 3.3003228
B:VAL 120,  C:ARG 174, 3.420867
B:ILE 186,  C:ASN 214, 2.724275
B:ARG 212,  C:THR 187, 2.638813
B:ARG 212,  C:PHE 186, 2.9594147
B:THR 214,  C:SER 216, 3.3487875
B:THR 215,  C:LYS 218, 3.413272
B:ASN 216,  C:GLU 223, 2.8808749
B:ASN 216,  C:SER 225, 3.5381129
B:ASN 217,  C:VAL 259, 3.0017335
B:VAL 219,  C:GLY 257, 2.907457
B:VAL 219,  C:ARG 265, 1.9697746
B:LEU 220,  C:ARG 265, 3.5927577
B:ASP 222,  C:ARG 265, 2.7710366
B:ARG 223,  C:ARG 253, 2.4032857
B:GLU 266,  C:VAL 212, 2.9998546
B:GLU 266,  C:GLU 210, 3.5516498
B:PHE 357,  C:LYS 268, 2.2474406
B:VAL 359,  C:LYS 268, 2.5154104
B:TYR 360,  C:ARG 265, 3.5770464
B:GLN 361,  C:VAL 266, 2.786821
B:LEU 362,  C:GLN 145, 3.1718934
B:ARG 363,  C:LYS 264, 2.7999353
B:LEU 364,  C:TYR 144, 2.614653
B:THR 365,  C:ASP 262, 2.802188
B:THR 365,  C:PRO 261, 2.8714864
