jobs,pi_score,iptm_ptm,pDockQ,iQ_score
P0A3W6_and_P0A3W4,2.23,0.6629034457774783,0.3228330326193098,66.53026925684661
P0A3W6_and_P09783,1.35,0.6395373906669651,0.6114305586420031,67.79519817508654
