jobs,pi_score,iptm_ptm,pDockQ,indice_Q
P0A3W6_and_P0A3W4,2.24,0.6611920058164045,0.3263579973444527,66.66072062714511
P09783_and_P0A3W6,1.37,0.6563580898286607,0.6183741668422303,68.66021865069708
P09783_and_P0A3W4,-0.83,0.3685041679283701,0.07179356799289316,26.897145005394552
