jobs,interface,Num_intf_residues,Polar,Hydrophobhic,Charged,contact_pairs, sc, hb, sb, int_solv_en, int_area,pi_score,iptm_ptm,iptm,mpDockQ/pDockQ
P0A3W6_and_P0A3W4,C_B,36,0.194,0.444,0.139,41,0.691,7,1,-12.9,1082.47,2.24,0.6611920058164045,0.705767443822058,0.3263579973444527
P09783_and_P0A3W6,C_B,52,0.288,0.462,0.173,61,0.641,24,4,-10.44,2072.22,1.37,0.6563580898286607,0.6750733248422123,0.6183741668422303
P09783_and_P0A3W4,C_B,25,0.36,0.44,0.04,26,0.411,4,0,-13.91,935.85,-0.83,0.3685041679283701,0.35041082005851265,0.07179356799289316
